niche_name,foraging_niche,trophic_niche,is_noctural,total_species,merlin_10_perc_ratio,merlin_20_perc_ratio,birdlife_10_perc_ratio,birdlife_20_perc_ratio,either_10_perc_ratio,either_20_perc_ratio,both_10_perc_ratio,both_20_perc_ratio,pc1,pc2,pc3,pc4
33 || Omnivore || NA || Diurnal,"NA",Omnivore,FALSE,1,0,0,0,0,0,0,0,0,-2.77537454847579,0.396774019565406,-0.787712157949,0.368141059002241
39 || Omnivore || NA || Diurnal,"NA",Omnivore,FALSE,3,0,0,0,0,0,0,0,0,5.134608856150474,-1.1690365310564934,-1.3214999128244833,-0.050663621227574694
19 || Omnivore || NA || Diurnal,"NA",Omnivore,FALSE,1,0,0,0,0,0,0,0,0,-0.394714692522457,-1.11231005399085,0.440441547021805,-0.284420105074531
3 || Omnivore || NA || Diurnal,"NA",Omnivore,FALSE,1,0,0,0,0,0,0,0,0,-4.23127930372598,-0.843213625210569,0.817821716782389,-0.16190028005205
2 || Omnivore || NA || Nocturnal,"NA",Omnivore,TRUE,1,0,0,0,0,0,0,0,0,3.06305006925112,0.590637292480521,-0.154666446828004,0.0929967610462878
5 || Omnivore || NA || Diurnal,"NA",Omnivore,FALSE,3,0,0,0,0,0,0,0,0,1.8738109749266,0.568230697899078,-0.5393477554942737,0.014007328029005658
12 || Omnivore || NA || Diurnal,"NA",Omnivore,FALSE,1,0,0,0,0,0,0,0,0,5.78907469542583,-1.60853982216705,-0.684022591589068,-0.263828814641517
14 || Omnivore || NA || Diurnal,"NA",Omnivore,FALSE,1,0,0,0,0,0,0,0,0,-0.867058685212044,-1.63601945479136,0.67218233379301,0.814564533729672
57 || Omnivore || NA || Diurnal,"NA",Omnivore,FALSE,1,0,0,0,0,0,0,0,0,3.72922427911929,-1.26024052651477,1.49398876641565,-0.979074849923087
66 || Omnivore || NA || Diurnal,"NA",Omnivore,FALSE,2,0,0,0,0,0,0,0,0,3.5733603960114353,1.543234169633485,0.6693933499850335,-0.3393222907164385
36 || Omnivore || NA || Diurnal,"NA",Omnivore,FALSE,1,0,0,0,0,0,0,0,0,6.30238336736727,-1.68410074300665,0.558656129606166,-0.175709084307422
5 || Omnivore || NA || Nocturnal,"NA",Omnivore,TRUE,2,0,0,0,0,0,0,0,0,1.496920982803445,0.2021957698992416,-0.175130817495636,0.5862115355537401
23 || Omnivore || NA || Diurnal,"NA",Omnivore,FALSE,7,0,0,0,0,0,0,0,0,6.645527843155789,0.0705898101779025,1.0139862741138792,-0.6951746927173597
44 || Omnivore || NA || Diurnal,"NA",Omnivore,FALSE,5,0.2,0.2,0,0,0,0,0.2,0.2,7.3348925532688,-1.4589574492367219,0.13651956211755775,-0.35524103407451024
37 || Omnivore || NA || Diurnal,"NA",Omnivore,FALSE,1,0,0,0,0,0,0,0,0,6.53739264458271,-0.941855697260807,0.49366894176353,-0.586405374983372
74 || Omnivore || NA || Diurnal,"NA",Omnivore,FALSE,1,0,0,0,0,0,0,0,0,6.85473298239256,0.435863719987983,0.343018056676793,-0.625199066166069
6 || Omnivore || NA || Diurnal,"NA",Omnivore,FALSE,12,0.25,0.5,0.333,0.5,0.25,0.583,0.333,0.5,3.136912826357758,-0.1733750277350361,0.48741552284409584,0.5745980247285826
1 || Omnivore || NA || Nocturnal,"NA",Omnivore,TRUE,4,0,0,0.25,0.5,0.25,0.5,0,0,0.5970243224603624,0.19705739012653395,-0.2506772955496544,0.5835765431064286
25 || Omnivore || NA || Diurnal,"NA",Omnivore,FALSE,2,0.5,0.5,0.5,0.5,0.5,0.5,0.5,0.5,1.3657384094914748,-1.7161435830897,-0.03060047386956655,0.288907774080567
24 || Omnivore || NA || Diurnal,"NA",Omnivore,FALSE,2,0.5,0.5,0.5,0.5,0.5,0.5,0,0.5,6.043158727041545,0.0762753569485609,-0.05101059552951445,0.09359180222056995
16 || Omnivore || NA || Diurnal,"NA",Omnivore,FALSE,1,1,1,1,1,1,1,1,1,2.4552964532768,-1.59759740898089,-0.140960831269397,0.175448912331812
15 || Omnivore || NA || Diurnal,"NA",Omnivore,FALSE,1,1,1,1,1,1,1,0,1,1.46875744927229,-1.69660206940005,-0.0474445492872105,0.178045609107837
21 || Omnivore || NA || Diurnal,"NA",Omnivore,FALSE,1,1,1,1,1,1,1,1,1,4.42192188455967,-0.437129525703726,0.478149845941317,-0.604226607925752
4 || Omnivore || NA || Diurnal,"NA",Omnivore,FALSE,48,0.167,0.313,0.146,0.229,0.167,0.292,0.125,0.313,2.6045727890403665,-0.06445940149502216,-0.4887006624389553,-0.27953513571621097
53 || Omnivore || NA || Diurnal,"NA",Omnivore,FALSE,3,0,0.333,0,0.333,0,0.333,0,0.333,4.697986805668993,-0.5258837473750166,-0.3996204030094903,-0.054820670944604744
34 || Omnivore || NA || Diurnal,"NA",Omnivore,FALSE,3,0.333,0.333,0.333,0.333,0.333,0.333,0.333,0.333,7.83672434073093,1.38813821581604,1.1799968944793813,0.6078524755283273
2 || Omnivore || NA || Diurnal,"NA",Omnivore,FALSE,93,0.097,0.237,0.065,0.215,0.108,0.226,0.054,0.194,3.908494402796828,0.4254623550718937,0.04292154787021765,-0.13945717901739846
8 || Omnivore || NA || Diurnal,"NA",Omnivore,FALSE,25,0.08,0.24,0.08,0.2,0.08,0.28,0.16,0.2,2.8385755796833143,-0.774918859075719,-0.6132713239174645,0.6999676527353043
10 || Omnivore || NA || Diurnal,"NA",Omnivore,FALSE,7,0.143,0.286,0.143,0.429,0.143,0.286,0.143,0.429,3.2191185982747,-0.38726348792528453,0.7339586221646177,-0.3361781154627567
47 || Omnivore || NA || Diurnal,"NA",Omnivore,FALSE,7,0,0,0,0.143,0,0,0,0,6.02278519729789,0.47393895964264343,0.7472194005669159,-0.5461133453330027
7 || Omnivore || NA || Diurnal,"NA",Omnivore,FALSE,7,0,0.143,0,0.286,0,0.286,0,0.286,4.907145618674412,-0.9077826228361495,0.6335884813643633,-0.6569298979188976
9 || Omnivore || NA || Diurnal,"NA",Omnivore,FALSE,14,0.286,0.286,0.214,0.286,0.214,0.286,0.286,0.286,2.431486184908033,0.5373896525475914,0.4552064437026144,0.42929203220658646
1 || Omnivore || NA || Diurnal,"NA",Omnivore,FALSE,824,0.144,0.28,0.16,0.283,0.155,0.288,0.153,0.274,0.008307079812752222,0.0702844735655737,-0.054074250901767644,0.10577194490825537
18 || Omnivore || NA || Diurnal,"NA",Omnivore,FALSE,3,0.333,0.333,0.333,0.667,0.333,0.667,0.333,0.333,3.375554648886073,-1.56109893161628,-0.64403803326875,-0.09540490449477701
2 || Frugivore || Fugivore ground || Diurnal,Fugivore ground,Frugivore,FALSE,6,0,0,0,0,0,0,0,0,4.87629107094936,0.831930752894553,-0.07979455520090555,-0.1964967227086462
4 || Frugivore || Generalist || Diurnal,Generalist,Frugivore,FALSE,3,0,0,0,0,0,0,0,0,2.9726235802379763,-0.3179410031595483,-0.30314255981252836,0.11370719077022258
5 || Frugivore || Generalist || Diurnal,Generalist,Frugivore,FALSE,1,0,0,0,0,0,0,0,0,2.08852683503476,0.285482270940315,-0.223816599457439,0.130594333396805
17 || Frugivore || Fugivore glean || Diurnal,Fugivore glean,Frugivore,FALSE,1,0,0,0,0,0,0,0,0,2.4951060163387,-1.6154506055385,-0.208231484404682,0.349803596119939
60 || Frugivore || Fugivore glean || Diurnal,Fugivore glean,Frugivore,FALSE,3,0,0,0,0,0,0,0,0,6.177253737807273,-1.9536095025235,-0.4643612258156464,-0.049738074704630764
16 || Frugivore || Fugivore glean || Diurnal,Fugivore glean,Frugivore,FALSE,8,0,0,0,0,0,0,0,0,2.4310793496871073,-1.7942912684338377,-0.28300180851907353,0.3146199784603336
13 || Frugivore || Fugivore glean || Diurnal,Fugivore glean,Frugivore,FALSE,2,0.5,0.5,0,0,0.5,0.5,0,0,2.14266312627771,-0.8868257774798709,-1.048580859039941,0.5988021816540725
4 || Frugivore || Fugivore aerial || Nocturnal,Fugivore aerial,Frugivore,TRUE,1,0,0,0,0,0,0,0,0,2.80022242528305,0.161796057253372,-0.585659485647305,-0.22653352573662
39 || Frugivore || Fugivore glean || Diurnal,Fugivore glean,Frugivore,FALSE,2,0,0,0,0,0,0,0,0,5.19770200363185,-1.1593305612026685,-1.177244255417645,0.138884957676359
2 || Frugivore || Generalist || Diurnal,Generalist,Frugivore,FALSE,1,0,0,0,0,0,0,0,0,3.56148275533928,0.869040947646343,-0.377371113719276,-0.412954207742282
70 || Frugivore || Fugivore glean || Diurnal,Fugivore glean,Frugivore,FALSE,3,0,0,0,0,0,0,0,0,6.849191980187626,-2.1703120477083733,-0.571374100115275,-0.20702402285372182
4 || Frugivore || Fugivore ground || Diurnal,Fugivore ground,Frugivore,FALSE,1,0,0,0,0,0,0,0,0,2.39090440150323,0.649186543872773,-0.382545925235891,-0.283133500665667
83 || Frugivore || Fugivore ground || Diurnal,Fugivore ground,Frugivore,FALSE,1,0,0,0,0,0,0,0,0,4.6639850732035,1.40581082358371,-0.535223065326012,-1.11331596861858
69 || Frugivore || Fugivore glean || Diurnal,Fugivore glean,Frugivore,FALSE,1,0,0,0,0,0,0,0,0,5.47523130810683,-2.27758566255526,-0.764027776192452,-0.154797633317711
77 || Frugivore || Fugivore glean || Diurnal,Fugivore glean,Frugivore,FALSE,1,0,0,0,0,0,0,1,1,4.33474798658669,-1.07145218427763,-0.577765321590389,-0.107624730268912
18 || Frugivore || Fugivore glean || Diurnal,Fugivore glean,Frugivore,FALSE,16,0.063,0.25,0.063,0.25,0.063,0.25,0.063,0.25,3.629591135827091,-1.865532148177795,-0.37984851313065626,0.07689424936323902
51 || Frugivore || Fugivore glean || Diurnal,Fugivore glean,Frugivore,FALSE,3,0,0.333,0,0.333,0,0.333,0,0.333,4.740488629125934,-2.356497438492953,-0.13388169725984334,0.21337746814984102
1 || Frugivore || Generalist || Diurnal,Generalist,Frugivore,FALSE,14,0,0,0,0.071,0,0,0,0.071,0.21965419875088804,0.2899764532036305,-0.09142089716219606,0.18869970066137595
4 || Frugivore || Fugivore glean || Diurnal,Fugivore glean,Frugivore,FALSE,15,0.4,0.533,0.333,0.4,0.333,0.533,0.4,0.533,2.5640208996618474,0.6081768256334856,-0.3933196311352145,-0.22432605278746134
1 || Frugivore || Fugivore aerial || Diurnal,Fugivore aerial,Frugivore,FALSE,58,0.069,0.069,0,0.034,0.017,0.034,0.034,0.052,-0.6948238463146613,0.13219950995201354,-0.19666486047491988,0.23322342323466086
12 || Frugivore || Fugivore glean || Diurnal,Fugivore glean,Frugivore,FALSE,11,0.182,0.182,0.091,0.091,0.091,0.182,0.182,0.182,5.330039485563757,-1.7609759080500709,-0.5721934684876906,0.01766025535937794
2 || Frugivore || Fugivore glean || Diurnal,Fugivore glean,Frugivore,FALSE,28,0.143,0.214,0.071,0.179,0.071,0.143,0.107,0.25,3.618517829286187,0.9309725087173355,-0.2165571936490109,-0.42504196025281654
5 || Frugivore || Fugivore glean || Diurnal,Fugivore glean,Frugivore,FALSE,9,0.222,0.222,0.111,0.222,0.111,0.222,0.222,0.222,2.090786476674762,0.6289469595565981,-0.5116162562419398,-0.15677333091584655
1 || Frugivore || Fugivore glean || Diurnal,Fugivore glean,Frugivore,FALSE,390,0.077,0.141,0.069,0.149,0.067,0.151,0.077,0.151,-0.1374505876748427,0.08510563727951438,-0.11480579042803529,0.20108870594786227
8 || Frugivore || Fugivore glean || Diurnal,Fugivore glean,Frugivore,FALSE,19,0.053,0.158,0.053,0.105,0.053,0.158,0.053,0.105,2.739072967627886,-0.7543356887431314,-0.6238163092139741,0.6737207389029315
2 || Granivore || Granivore ground || Diurnal,Granivore ground,Granivore,FALSE,2,0,0,0,0,0,0,0,0,3.43418621321805,0.9219252758654646,-0.05804232129562803,-0.12694133519600248
9 || Granivore || Granivore ground || Diurnal,Granivore ground,Granivore,FALSE,1,0,0,0,0,0,0,0,0,2.18780183700564,0.810606766898836,0.479508277140808,0.490894821805596
5 || Granivore || Granivore ground || Diurnal,Granivore ground,Granivore,FALSE,1,0,0,0,0,0,0,0,0,1.66436501695683,0.790054476925092,-0.231476497394034,0.15593401621882
8 || Granivore || Granivore arboreal || Diurnal,Granivore arboreal,Granivore,FALSE,8,0,0.125,0,0.125,0,0,0.125,0.25,2.9896522959533476,-0.7411445470034342,-0.705869552004706,0.7006457110522405
39 || Granivore || Granivore arboreal || Diurnal,Granivore arboreal,Granivore,FALSE,2,0.5,0.5,0.5,0.5,0.5,0.5,0.5,0.5,4.854203835328899,-1.0073135338478034,-1.250436716981805,0.1454536312543705
8 || Granivore || Granivore ground || Diurnal,Granivore ground,Granivore,FALSE,3,1,1,1,1,1,1,1,1,3.188722576096683,-0.58923721020362,-0.5063792798714537,0.6185986828821896
79 || Granivore || Granivore arboreal || Diurnal,Granivore arboreal,Granivore,FALSE,1,1,1,1,1,1,1,1,1,3.75745912837849,-1.04088107093562,-1.34555738161866,0.492290635665088
1 || Granivore || Granivore arboreal || Diurnal,Granivore arboreal,Granivore,FALSE,115,0.061,0.174,0.104,0.226,0.087,0.2,0.07,0.183,-1.223074443038011,-0.24852801469680635,-0.3777426524864987,0.5786028123222121
1 || Granivore || Generalist || Diurnal,Generalist,Granivore,FALSE,57,0.123,0.211,0.123,0.211,0.14,0.246,0.123,0.211,-1.550653986966048,-0.09958425547285836,-0.4511697450580505,0.4974418652389781
1 || Granivore || Granivore ground || Diurnal,Granivore ground,Granivore,FALSE,287,0.143,0.23,0.167,0.268,0.143,0.237,0.146,0.247,-0.7733992933748913,0.23669363788472692,-0.15927223401604362,0.26429187678804655
24 || Scavenger || Scavenger ground || Diurnal,Scavenger ground,Scavenger,FALSE,5,0,0,0,0,0,0,0,0,6.0979636606300165,0.29130307711024317,0.06276928507226583,0.09451080337584357
34 || Scavenger || Scavenger ground || Diurnal,Scavenger ground,Scavenger,FALSE,8,0,0,0,0,0,0,0,0,6.901380675982329,0.2416800637869306,-0.05000966513910096,-0.07648479256213465
2 || Scavenger || Scavenger ground || Diurnal,Scavenger ground,Scavenger,FALSE,9,0.111,0.333,0.111,0.333,0.222,0.333,0,0.333,5.107088377541802,0.33756936663432735,-0.14104703172700714,-0.33957725377969117
5 || Vertivore || Vertivore perch || Nocturnal,Vertivore perch,Vertivore,TRUE,2,0,0,0,0,0,0,0,0,1.76921251156929,0.285283413190265,-0.15178054396016918,0.5678305292669965
2 || Vertivore || Vertivore air to surface || Nocturnal,Vertivore air to surface,Vertivore,TRUE,5,0,0,0,0,0,0,0,0,2.90049495315461,0.414721174416379,-0.2188773431513165,0.0038304529474670196
4 || Vertivore || Vertivore aerial || Diurnal,Vertivore aerial,Vertivore,FALSE,1,0,0,0,0,0,0,0,0,2.48302388870189,0.541431178133146,-0.550497655618552,0.140862122053991
2 || Vertivore || Vertivore ground || Diurnal,Vertivore ground,Vertivore,FALSE,1,0,0,0,0,0,0,0,0,6.21437664454428,0.804596908169901,-0.349773721842563,-0.659834512171311
14 || Vertivore || Vertivore perch || Diurnal,Vertivore perch,Vertivore,FALSE,1,0,0,0,0,0,0,0,0,-1.14941443579813,-1.4306133844367,0.307022385534325,0.575447468354515
2 || Vertivore || Vertivore arboreal || Diurnal,Vertivore arboreal,Vertivore,FALSE,1,0,1,0,0,0,0,0,0,3.88813764761261,0.637353719407054,-0.638777427755243,-0.608699907287066
4 || Vertivore || Vertivore arboreal || Diurnal,Vertivore arboreal,Vertivore,FALSE,2,0,0,0,0,0,0,0,0,2.37609285175063,0.12992747411121952,-0.654430533990885,-0.51150217280079
34 || Vertivore || Vertivore perch || Diurnal,Vertivore perch,Vertivore,FALSE,1,0,0,0,0,0,0,0,0,6.5829812858932,0.0730319335131118,-0.3686337705394,-0.21700499082511
1 || Vertivore || Vertivore aerial || Diurnal,Vertivore aerial,Vertivore,FALSE,3,0,0,0,0,0,0,0,0,0.9247082443704964,0.46350087357253167,-0.46845685927628633,0.207872966515515
4 || Vertivore || Vertivore perch || Nocturnal,Vertivore perch,Vertivore,TRUE,4,0,0,0,0,0,0,0,0,2.585195910798075,0.4014512676510925,-0.4589875278578397,0.0195644985401672
4 || Vertivore || Vertivore air to surface || Nocturnal,Vertivore air to surface,Vertivore,TRUE,3,0,0,0,0,0,0,0,0,2.477028865368487,0.5593609811340756,-0.36301287644619334,0.01884070949298537
9 || Vertivore || Vertivore perch || Diurnal,Vertivore perch,Vertivore,FALSE,1,0,0,0,0,0,0,0,0,2.08851744319728,0.810610536877491,-0.174527027301029,0.351074933168365
2 || Vertivore || Vertivore aerial || Diurnal,Vertivore aerial,Vertivore,FALSE,5,0,0,0,0,0,0,0,0,3.3797188849075956,0.4848297691824476,-0.2759583205917918,0.03883028798988881
2 || Vertivore || Generalist || Diurnal,Generalist,Vertivore,FALSE,20,0,0.05,0,0,0,0,0,0.05,4.334537665093126,0.5333387460163814,-0.39017357810886083,-0.13869623289688077
5 || Vertivore || Vertivore air to surface || Diurnal,Vertivore air to surface,Vertivore,FALSE,3,0,0,0,0,0,0,0,0,1.87174479841531,0.496543686272188,-0.5991841413674607,0.031129728115673334
4 || Vertivore || Vertivore air to surface || Diurnal,Vertivore air to surface,Vertivore,FALSE,8,0.125,0.125,0.125,0.125,0.125,0.125,0.125,0.125,2.638835111815561,0.5590946457121683,-0.4674867743663562,-0.22870610042030254
4 || Vertivore || Generalist || Diurnal,Generalist,Vertivore,FALSE,2,0.5,0.5,0.5,0.5,0.5,0.5,0,0.5,2.6793186237557602,0.842959452923032,-0.419008576274725,0.011795023294785545
1 || Vertivore || Vertivore ground || Diurnal,Vertivore ground,Vertivore,FALSE,1,0,0,0,1,0,1,0,0,1.88337207893787,0.228315490568982,-0.535404824335903,-0.355367099888688
4 || Vertivore || Vertivore ground || Diurnal,Vertivore ground,Vertivore,FALSE,1,1,1,1,1,1,1,0,1,3.01825264333236,-0.284307468075721,-0.624288287280318,-0.566118828980334
5 || Vertivore || Vertivore ground || Nocturnal,Vertivore ground,Vertivore,TRUE,1,0,0,0,1,0,0,0,1,1.62042962674123,0.174303147390304,-0.168404704151952,0.315525284077782
5 || Vertivore || Generalist || Diurnal,Generalist,Vertivore,FALSE,6,0,0.167,0,0.333,0,0.333,0,0.167,1.6784652641792002,0.6966254422856615,-0.522623641212231,-0.05126746836975598
2 || Vertivore || Vertivore air to surface || Diurnal,Vertivore air to surface,Vertivore,FALSE,34,0,0.059,0,0.147,0,0.147,0,0.059,4.269825140689604,0.53939174428290515,-0.3801806113716525,-0.20929681114109916
2 || Vertivore || Vertivore perch || Diurnal,Vertivore perch,Vertivore,FALSE,58,0.034,0.052,0.017,0.069,0.017,0.052,0.017,0.069,4.004587618248892,0.5164647982283437,-0.34999698586135136,-0.11227271017854284
2 || Vertivore || Vertivore perch || Nocturnal,Vertivore perch,Vertivore,TRUE,35,0.086,0.171,0.029,0.086,0.029,0.114,0.057,0.171,3.835931136421298,0.40716108829479475,-0.271447685607241,0.040186735827007374
1 || Vertivore || Vertivore perch || Diurnal,Vertivore perch,Vertivore,FALSE,10,0.1,0.1,0.1,0.1,0.1,0.1,0.1,0.1,0.607282050509366,0.14610002489380636,-0.23373236548867038,-0.012264450729396446
1 || Vertivore || Vertivore perch || Nocturnal,Vertivore perch,Vertivore,TRUE,10,0.1,0.1,0.1,0.1,0.1,0.1,0.1,0.1,0.8800176662450285,0.1779194146967789,-0.21820310428349,0.4617743493539154
4 || Vertivore || Vertivore perch || Diurnal,Vertivore perch,Vertivore,FALSE,16,0.125,0.188,0.125,0.188,0.125,0.188,0.125,0.188,2.5729670265323414,0.4173019212328799,-0.4822411274347037,-0.01601222787804074
5 || Vertivore || Vertivore aerial || Diurnal,Vertivore aerial,Vertivore,FALSE,7,0.143,0.143,0.143,0.143,0.143,0.143,0.143,0.143,1.7879378674178643,0.4506572033720875,-0.338069188056555,0.30824311456146025
5 || Vertivore || Vertivore perch || Diurnal,Vertivore perch,Vertivore,FALSE,7,0,0.143,0,0.143,0,0.143,0,0.143,1.8097915739690542,0.5784894840078311,-0.47002242606170624,0.020054078176527074
40 || Invertivore || Invertivore sally air || Diurnal,Invertivore sally air,Invertivore,FALSE,2,0,0,0,0,0,0,0,0,0.531166249352514,-1.065412189236508,-0.586122423305113,-0.7622065392696885
42 || Invertivore || Invertivore sally air || Diurnal,Invertivore sally air,Invertivore,FALSE,1,0,0,0,0,0,0,0,0,-0.490853095091639,-0.458494414165341,-1.27451776938241,-0.782554953603513
46 || Invertivore || Invertivore bark || Diurnal,Invertivore bark,Invertivore,FALSE,4,0,0,0,0,0,0,0,0,0.34174039492559855,-1.401521172477735,0.4738774554615047,-0.9597232593549703
1 || Invertivore || Invertivore sally air || Nocturnal,Invertivore sally air,Invertivore,TRUE,14,0,0,0,0,0,0,0,0,0.0630374994737534,0.5949706159915451,-0.2950672402110125,-0.4964448354913806
58 || Invertivore || Invertivore glean arboreal || Diurnal,Invertivore glean arboreal,Invertivore,FALSE,1,0,0,0,0,0,0,0,0,-0.210575891686253,-1.68400927282182,0.579948567797315,-0.418039112062518
4 || Invertivore || Invertivore sally air || Nocturnal,Invertivore sally air,Invertivore,TRUE,1,0,0,0,0,0,0,0,0,2.40435083093652,0.729784673711998,-0.55239464767337,-0.867790903432394
5 || Invertivore || Invertivore sally air || Nocturnal,Invertivore sally air,Invertivore,TRUE,1,0,0,0,0,0,0,0,0,1.53014302910503,0.287861413763399,-0.217856478911775,0.55771771136246
5 || Invertivore || Generalist || Diurnal,Generalist,Invertivore,FALSE,1,0,0,0,0,0,0,0,0,1.55160996338683,0.347111917401969,-0.547711230562865,0.123115119206248
1 || Invertivore || Invertivore sally surface || Nocturnal,Invertivore sally surface,Invertivore,TRUE,6,0,0,0,0,0,0,0,0,0.6395752745138197,0.04286054753585532,-0.5224699259172555,0.3646964062600235
4 || Invertivore || Invertivore sally ground || Nocturnal,Invertivore sally ground,Invertivore,TRUE,1,0,0,0,0,0,0,0,0,2.69233612272483,0.423293716226365,-0.404497619375516,0.0208352475415008
71 || Invertivore || Invertivore sally surface || Diurnal,Invertivore sally surface,Invertivore,FALSE,1,0,0,0,0,0,0,0,0,2.13148074784678,-2.02545213973998,-0.514027860475702,-0.182163686496521
16 || Invertivore || Invertivore glean arboreal || Diurnal,Invertivore glean arboreal,Invertivore,FALSE,1,0,0,0,0,0,0,0,0,2.15515574391343,-1.52277359561277,-0.571048353539799,-0.0917298394915869
2 || Invertivore || Invertivore bark || Diurnal,Invertivore bark,Invertivore,FALSE,5,0,0,0,0,0,0,0,0,3.732797448787892,0.5003781412741238,-0.5193989206483881,-0.3289849799080712
61 || Invertivore || Invertivore glean arboreal || Diurnal,Invertivore glean arboreal,Invertivore,FALSE,1,0,0,0,0,0,0,0,0,-3.53822918181726,0.642493465926308,-0.454347074542563,0.278321159761817
5 || Invertivore || Invertivore sally surface || Diurnal,Invertivore sally surface,Invertivore,FALSE,1,0,0,0,0,0,0,0,0,1.53266700243022,0.46702710756484,-0.525453709292317,0.0820603831563504
4 || Invertivore || Generalist || Diurnal,Generalist,Invertivore,FALSE,4,0,0,0,0,0,0,0,0.25,2.37529161529485,0.361773887339525,-0.578849561284217,-0.06753350020245773
80 || Invertivore || Invertivore sally air || Nocturnal,Invertivore sally air,Invertivore,TRUE,2,0,0,0,0,0,0,0,0,0.06919748660677949,0.9587223815806101,-0.969753877581026,-1.42467366436188
30 || Invertivore || Invertivore aerial || Diurnal,Invertivore aerial,Invertivore,FALSE,1,0,0,0,0,0,0,0,0,-3.30093739271777,1.01146388348047,-0.223788467401953,0.156168298016102
8 || Invertivore || Generalist || Nocturnal,Generalist,Invertivore,TRUE,1,0,0,0,0,0,0,0,0,2.79094648783016,-0.801236143131666,-1.35242094838172,0.343398377131638
52 || Invertivore || Invertivore ground || Diurnal,Invertivore ground,Invertivore,FALSE,2,0,0,0,0,0,0,0,0,-1.91906702999092,0.4698770832554055,1.091041590541005,0.6103068762650145
41 || Invertivore || Invertivore sally air || Diurnal,Invertivore sally air,Invertivore,FALSE,1,0,0,0,0,0,0,0,0,-0.490853095091639,-0.458494414165341,-1.27451776938241,-0.782554953603513
5 || Invertivore || Invertivore glean arboreal || Diurnal,Invertivore glean arboreal,Invertivore,FALSE,1,0,0,0,0,0,0,0,0,1.82213822137784,0.252449677554667,-0.288252819357076,-0.0767958538847336
85 || Invertivore || Invertivore bark || Diurnal,Invertivore bark,Invertivore,FALSE,1,0,0,0,0,0,0,0,0,0.419984894411087,-1.37142940214902,-0.608135023335367,-1.27012813755843
2 || Invertivore || Invertivore sally air || Nocturnal,Invertivore sally air,Invertivore,TRUE,1,0,0,0,0,0,0,0,0,2.88440957405672,0.467606917516453,-0.241830773061328,-0.790759944666117
33 || Invertivore || Invertivore glean arboreal || Diurnal,Invertivore glean arboreal,Invertivore,FALSE,1,0,0,0,0,0,0,0,0,-2.76319912844137,0.520324445130559,-0.710832726593221,0.404636141513323
14 || Invertivore || Generalist || Diurnal,Generalist,Invertivore,FALSE,1,0,0,0,0,0,0,0,0,-1.02910245117284,-1.66538429630975,0.427644214152946,0.534061789091415
5 || Invertivore || Invertivore sally surface || Nocturnal,Invertivore sally surface,Invertivore,TRUE,1,0,0,0,0,0,0,0,0,1.59382436433189,0.485718825578128,-0.428391254978076,0.118596961076325
80 || Invertivore || Generalist || Nocturnal,Generalist,Invertivore,TRUE,2,0,0,0,0,0,0,0,0,0.6820040653751196,0.8255076130063754,-0.8583037602774959,-1.4610615227962551
46 || Invertivore || Invertivore ground || Diurnal,Invertivore ground,Invertivore,FALSE,1,0,0,0,0,0,0,0,0,-0.20583201356876,-1.05492038339129,0.667135358955071,-1.09011961675799
4 || Invertivore || Invertivore sally surface || Diurnal,Invertivore sally surface,Invertivore,FALSE,4,0,0,0,0,0,0,0,0,2.3809611393258927,0.11434653408688855,-0.6307557939040263,-0.10374217073081789
5 || Invertivore || Invertivore sally air || Diurnal,Invertivore sally air,Invertivore,FALSE,1,0,0,0,0,0,0,0,0,1.41303155987416,0.448518835969388,-0.576263611228417,0.125186996156529
14 || Invertivore || Invertivore sally ground || Diurnal,Invertivore sally ground,Invertivore,FALSE,4,0,0,0,0,0,0,0,0,-1.5071082138853649,-1.6038836281663875,0.48875391208439645,0.6191393388357018
18 || Invertivore || Invertivore ground || Diurnal,Invertivore ground,Invertivore,FALSE,6,0.167,0.167,0,0,0.167,0.167,0,0,2.7875034831252585,-1.5312822304437068,-0.5239474980879893,-0.29450315500383617
5 || Invertivore || Invertivore aerial || Diurnal,Invertivore aerial,Invertivore,FALSE,2,0,0,0,0,0,0,0,0,1.639021648260605,0.4943799349444995,-0.5815842367836566,0.234741702100415
2 || Invertivore || Generalist || Nocturnal,Generalist,Invertivore,TRUE,3,0,0,0,0,0,0,0,0,3.16032717572231,0.47576726830425703,-0.409855260572377,-0.07453997995459515
50 || Invertivore || Invertivore aerial || Diurnal,Invertivore aerial,Invertivore,FALSE,2,0,0,0,0,0,0,0,0,-0.2639748205089215,1.45322288070427,0.321663463484083,0.13508907777950255
2 || Invertivore || Invertivore sally ground || Diurnal,Invertivore sally ground,Invertivore,FALSE,1,0,0,0,0,0,0,0,0,2.98305341528795,0.187147137028806,-0.0894161368330634,-0.150026003044374
4 || Invertivore || Invertivore sally ground || Diurnal,Invertivore sally ground,Invertivore,FALSE,3,0,0,0,0,0,0,0,0,2.5076939288620266,0.45102289388929734,-0.45168915360034867,-0.05468793968755784
10 || Invertivore || Invertivore ground || Diurnal,Invertivore ground,Invertivore,FALSE,2,0,0,0,0,0,0,0,0,3.954966380223275,-0.3274729277224805,0.6621906802583231,-6.743273697040059e-4
25 || Invertivore || Invertivore sally ground || Diurnal,Invertivore sally ground,Invertivore,FALSE,1,0,0,0,0,0,0,0,0,1.39155320437621,-1.55239176923386,-0.0483770882329723,0.309050186101609
29 || Invertivore || Invertivore aerial || Diurnal,Invertivore aerial,Invertivore,FALSE,1,1,1,0,0,1,1,0,0,-3.30093739271777,1.01146388348047,-0.223788467401953,0.156168298016102
28 || Invertivore || Invertivore aerial || Diurnal,Invertivore aerial,Invertivore,FALSE,1,0,0,0,0,0,0,0,0,-3.30093739271777,1.01146388348047,-0.223788467401953,0.156168298016102
25 || Invertivore || Invertivore sally surface || Diurnal,Invertivore sally surface,Invertivore,FALSE,1,0,0,0,0,0,0,0,0,1.52229125508851,-1.47271388845842,-0.252982302110806,0.400260736280625
15 || Invertivore || Invertivore sally ground || Diurnal,Invertivore sally ground,Invertivore,FALSE,2,0,0,0,0,0,0,0,0,1.4590992816848352,-1.75943913284311,-0.0312625276411617,0.2200287026832845
54 || Invertivore || Generalist || Diurnal,Generalist,Invertivore,FALSE,1,0,0,0,0,0,0,0,0,1.31931418199984,-1.22100809075252,-0.786161513680638,-0.214419936565205
6 || Invertivore || Invertivore ground || Diurnal,Invertivore ground,Invertivore,FALSE,3,0,0,0,0,0,0,0,0,2.1557057112854934,-0.14937120981325974,0.36578694173722065,0.46612705773037433
21 || Invertivore || Invertivore ground || Diurnal,Invertivore ground,Invertivore,FALSE,2,0,0,0,0,0,0,0,0,4.442065676919825,-1.0608731619052056,0.535219617293675,-0.7423897991492494
4 || Invertivore || Generalist || Nocturnal,Generalist,Invertivore,TRUE,2,0.5,0.5,0.5,0.5,0.5,0.5,0.5,0.5,2.51798813048329,0.41925027599286746,-0.3111871770278605,-0.02104359073342565
63 || Invertivore || Invertivore aerial || Diurnal,Invertivore aerial,Invertivore,FALSE,1,1,1,1,1,1,1,1,1,-3.38023947733506,1.18395565739729,-0.619079046094672,-0.109847660167487
11 || Invertivore || Invertivore ground || Diurnal,Invertivore ground,Invertivore,FALSE,1,0,1,0,1,0,1,0,1,1.93402958140276,-1.12207156421066,1.02135579049753,-0.20418284562303
5 || Invertivore || Invertivore sally ground || Diurnal,Invertivore sally ground,Invertivore,FALSE,1,1,1,1,1,1,1,1,1,1.82864879556892,0.423982966658142,-0.689694726335089,-0.0126524834870243
43 || Invertivore || Invertivore sally air || Diurnal,Invertivore sally air,Invertivore,FALSE,1,0,1,0,1,0,1,0,1,-0.490853095091639,-0.458494414165341,-1.27451776938241,-0.782554953603513
8 || Invertivore || Invertivore sally ground || Nocturnal,Invertivore sally ground,Invertivore,TRUE,1,1,1,1,1,1,1,1,1,2.93235039070171,-0.445961978313692,-0.903445552896923,0.42460639279639
82 || Invertivore || Invertivore ground || Diurnal,Invertivore ground,Invertivore,FALSE,1,0,1,1,1,0,1,1,1,3.84706979682775,1.29770269500222,-0.26781815115398,-1.24400161613068
1 || Invertivore || Invertivore glean arboreal || Diurnal,Invertivore glean arboreal,Invertivore,FALSE,1145,0.078,0.176,0.082,0.18,0.082,0.185,0.08,0.178,-1.4215634824062102,0.06242050231891272,-0.06726764578449813,-0.07310458222433525
18 || Invertivore || Invertivore glean arboreal || Diurnal,Invertivore glean arboreal,Invertivore,FALSE,3,0,0,0,0.333,0,0,0,0,3.5403144930969965,-1.70625728684129,-0.7869212974494237,-0.3861736909915357
1 || Invertivore || Invertivore aerial || Diurnal,Invertivore aerial,Invertivore,FALSE,157,0.096,0.268,0.089,0.223,0.108,0.236,0.083,0.242,-1.4920301201332513,0.8274293484863492,-0.1716276569458712,-0.03260150764065308
1 || Invertivore || Generalist || Nocturnal,Generalist,Invertivore,TRUE,30,0.033,0.033,0.033,0.033,0.033,0.033,0.033,0.033,0.4759841266029584,0.43008722670948296,-0.2661760276905656,-0.024710238040118567
1 || Invertivore || Invertivore sally ground || Nocturnal,Invertivore sally ground,Invertivore,TRUE,16,0,0.063,0,0.063,0,0.063,0,0.063,0.5164024622815885,0.28148186195105573,-0.2058584699828137,0.4973150743531459
1 || Invertivore || Invertivore ground || Diurnal,Invertivore ground,Invertivore,FALSE,625,0.094,0.163,0.09,0.181,0.093,0.165,0.091,0.163,-0.3484821940284484,0.1556441858966724,0.1240282724267107,-0.12479792885576622
1 || Invertivore || Invertivore sally ground || Diurnal,Invertivore sally ground,Invertivore,FALSE,130,0.069,0.177,0.077,0.169,0.069,0.162,0.092,0.177,-0.47487279901524787,-0.02716834048166989,-0.0999584860892258,-0.06767016623594109
1 || Invertivore || Invertivore sally air || Diurnal,Invertivore sally air,Invertivore,FALSE,182,0.082,0.187,0.104,0.203,0.088,0.198,0.088,0.198,-1.0019622140736129,-0.22987407791355624,-0.29224661269734115,-0.11737674908215488
2 || Invertivore || Invertivore ground || Diurnal,Invertivore ground,Invertivore,FALSE,15,0.133,0.133,0.133,0.2,0.133,0.133,0.133,0.133,3.433500425160565,0.4085524579184847,0.07160479025588531,-0.3526735908518804
4 || Invertivore || Invertivore bark || Diurnal,Invertivore bark,Invertivore,FALSE,5,0.2,0.2,0.2,0.2,0.2,0.2,0.2,0.2,3.127260035044484,-0.740152954027933,-0.16926808512688135,-0.306990882747515
7 || Invertivore || Invertivore ground || Diurnal,Invertivore ground,Invertivore,FALSE,5,0.4,0.4,0.2,0.4,0.2,0.4,0.2,0.4,5.013289433219527,-0.9873008859396613,0.5592680090296164,-0.5241251717347534
1 || Invertivore || Generalist || Diurnal,Generalist,Invertivore,FALSE,191,0.105,0.241,0.115,0.246,0.099,0.236,0.094,0.241,-0.8973881681559661,-0.015247575201876062,-0.13885882781751213,-0.02702677582220917
1 || Invertivore || Invertivore bark || Diurnal,Invertivore bark,Invertivore,FALSE,240,0.092,0.179,0.096,0.179,0.1,0.183,0.108,0.188,-0.18519509523821964,-0.34731139606482897,0.03986014593969074,-0.07990728634501232
1 || Invertivore || Invertivore aerial || Nocturnal,Invertivore aerial,Invertivore,TRUE,49,0.061,0.082,0.041,0.041,0.041,0.041,0.041,0.082,-0.17942373685588636,0.9199662334367369,-0.19730000212510154,-0.48719500688813205
4 || Invertivore || Invertivore glean arboreal || Diurnal,Invertivore glean arboreal,Invertivore,FALSE,9,0.222,0.222,0.222,0.222,0.222,0.222,0.222,0.222,2.2138415405429246,-0.35009428927185077,-0.7189236193081214,-0.3096169153999275
5 || Invertivore || Invertivore sally ground || Nocturnal,Invertivore sally ground,Invertivore,TRUE,7,0.143,0.286,0,0.143,0.286,0.286,0,0.143,1.7835897347878844,0.3388116841965356,-0.2924510916909632,0.19739819177960374
5 || Invertivore || Generalist || Nocturnal,Generalist,Invertivore,TRUE,7,0.143,0.286,0.143,0.143,0.143,0.143,0.143,0.286,1.57667996243821,0.31682276849563884,-0.2538101176745771,0.2703977011294937
4 || Invertivore || Invertivore ground || Diurnal,Invertivore ground,Invertivore,FALSE,7,0.143,0.143,0.143,0.143,0.143,0.143,0.143,0.143,2.6191852451009687,-0.06652616761992783,-0.3179449313436065,-0.3791970137717652
1 || Invertivore || Invertivore sally surface || Diurnal,Invertivore sally surface,Invertivore,FALSE,216,0.042,0.06,0.023,0.051,0.028,0.056,0.032,0.06,-1.2922136014447554,-0.15621044918053395,-0.19661991699726827,0.1432303573811582
27 || Invertivore || Invertivore aerial || Diurnal,Invertivore aerial,Invertivore,FALSE,3,0.333,0.667,0.667,0.667,0.333,0.667,0.667,0.667,-3.5112587056389266,1.2796478964012765,-0.212745106216329,0.07387397540890554
72 || Nectarivore || Nectarivore aerial || Diurnal,Nectarivore aerial,Nectarivore,FALSE,1,0,0,0,0,0,0,0,0,-3.91169928233751,-0.596947736948527,1.46569770542801,-0.0793809266948943
84 || Nectarivore || Nectarivore aerial || Diurnal,Nectarivore aerial,Nectarivore,FALSE,1,0,0,0,0,0,0,0,0,-4.0364831208355,0.088460758887326,0.487478250266087,-0.710896172801761
65 || Nectarivore || Nectarivore glean || Diurnal,Nectarivore glean,Nectarivore,FALSE,1,0,0,0,0,0,0,0,0,-2.32686802287023,-1.28121968204339,0.757414778342026,0.170820799780872
78 || Nectarivore || Nectarivore aerial || Diurnal,Nectarivore aerial,Nectarivore,FALSE,1,0,0,0,0,0,0,0,0,-4.48641095705668,-1.19998475781344,1.35748839978653,0.210347066941021
67 || Nectarivore || Nectarivore aerial || Diurnal,Nectarivore aerial,Nectarivore,FALSE,1,0,0,0,0,0,0,0,0,-1.85684324817217,-1.24000146742231,0.452929566510812,-1.26856015939935
45 || Nectarivore || Nectarivore glean || Diurnal,Nectarivore glean,Nectarivore,FALSE,2,0.5,0.5,0.5,0.5,0.5,0.5,0.5,0.5,-0.16363002573744237,-0.2990376989779305,-0.0655993580456325,-1.293573858234975
1 || Nectarivore || Nectarivore aerial || Diurnal,Nectarivore aerial,Nectarivore,FALSE,2,0.5,0.5,0.5,1,0.5,1,0.5,0.5,-1.82492345185461,-1.49530030383819,-0.19035638452420545,-0.4055212548048295
1 || Nectarivore || Nectarivore glean || Diurnal,Nectarivore glean,Nectarivore,FALSE,57,0.281,0.386,0.316,0.351,0.298,0.404,0.316,0.368,-1.646240540241991,-0.4248011774218577,0.13964447277576905,-0.26914213550802296
1 || Nectarivore || Generalist || Diurnal,Generalist,Nectarivore,FALSE,3,0,0.333,0,0.333,0,0.333,0,0.333,-2.240168694087463,-0.7454981625641577,0.263526699717055,-0.35225326131173934
3 || Nectarivore || Nectarivore aerial || Diurnal,Nectarivore aerial,Nectarivore,FALSE,201,0.109,0.174,0.139,0.184,0.109,0.174,0.134,0.179,-3.1900120275137485,-1.1838311343385368,0.6551774259556262,-0.5974935026372514
3 || Nectarivore || Nectarivore glean || Diurnal,Nectarivore glean,Nectarivore,FALSE,7,0.143,0.143,0,0.143,0.143,0.143,0.143,0.143,-2.4754738415777586,-0.891686305577299,0.42350797491369857,-0.6486517349561148
6 || Aquatic predator || Aquatic ground || Diurnal,Aquatic ground,Aquatic predator,FALSE,2,0,0,0,0,0,0,0,0,3.8664065198634097,-0.05504220917578615,0.29077216521732197,0.3406127700290965
73 || Aquatic predator || Aquatic dive || Diurnal,Aquatic dive,Aquatic predator,FALSE,1,0,0,0,0,0,0,0,0,2.93768579694049,-0.0667190174741467,1.51930091432708,0.400042179586852
16 || Aquatic predator || Aquatic perch || Diurnal,Aquatic perch,Aquatic predator,FALSE,3,0,0,0,0,0,0,0,0,2.374211754476427,-1.82055411266304,0.007798591833548935,0.23246102155506065
86 || Aquatic predator || Aquatic dive || Diurnal,Aquatic dive,Aquatic predator,FALSE,1,0,0,0,0,0,0,0,0,2.89901626647376,0.288396004100704,1.74248960388391,0.675842420168574
76 || Aquatic predator || Aquatic ground || Diurnal,Aquatic ground,Aquatic predator,FALSE,1,0,0,0,0,0,0,0,0,2.72140620871356,-1.38325574990348,1.28680151024886,-0.0987516626990359
2 || Aquatic predator || Aquatic perch || Diurnal,Aquatic perch,Aquatic predator,FALSE,7,0,0,0,0,0,0,0,0,4.153482315069514,0.30129503305629785,-0.23727182916242828,-0.18070433998305924
31 || Aquatic predator || Aquatic dive || Diurnal,Aquatic dive,Aquatic predator,FALSE,1,0,0,0,0,0,0,0,0,4.13918557006175,0.00764744716255161,0.608141876518371,0.919179875852343
57 || Aquatic predator || Aquatic ground || Diurnal,Aquatic ground,Aquatic predator,FALSE,2,0,0,0,0,0,0,0,0,4.086705790064035,-1.16930164444751,1.414695039347585,-0.9028974918806275
1 || Aquatic predator || Aquatic aerial || Diurnal,Aquatic aerial,Aquatic predator,FALSE,7,0,0,0,0,0,0,0,0,1.539685713644772,-0.5110482938566788,0.24661423584749143,-0.5100018848414489
2 || Aquatic predator || Aquatic aerial || Diurnal,Aquatic aerial,Aquatic predator,FALSE,5,0,0,0,0,0,0,0,0,4.220114639658974,0.41417249419459023,-0.033907476054750224,-0.24619249102513333
2 || Aquatic predator || Aquatic ground || Diurnal,Aquatic ground,Aquatic predator,FALSE,2,0,0,0,0,0,0,0,0,3.5744387996623903,0.20119171906067998,0.3514224042499175,-0.2248213668817165
24 || Aquatic predator || Aquatic aerial || Diurnal,Aquatic aerial,Aquatic predator,FALSE,1,0,0,0,0,0,0,0,0,6.18457367790322,0.188550144139992,-0.177883151975519,-0.0402187652378093
1 || Aquatic predator || Aquatic surface || Diurnal,Aquatic surface,Aquatic predator,FALSE,3,0,0.333,0,0,0,0.333,0,0.333,1.8824079185550486,0.2075408110035797,0.6681988744588694,0.02571964613835767
18 || Aquatic predator || Aquatic ground || Diurnal,Aquatic ground,Aquatic predator,FALSE,1,0,0,0,0,0,0,0,0,4.33381463324698,-1.21396558333783,-0.130920307696324,0.550799871997887
34 || Aquatic predator || Aquatic perch || Diurnal,Aquatic perch,Aquatic predator,FALSE,1,0,0,0,0,0,0,0,0,6.8515632759226,-0.0175180958994912,-0.200126418658158,0.0817373578415319
64 || Aquatic predator || Aquatic ground || Diurnal,Aquatic ground,Aquatic predator,FALSE,1,0,0,0,0,0,0,0,0,-0.468566551059803,-0.697615540328629,1.02528516314438,-0.15970885429872
1 || Aquatic predator || Aquatic perch || Diurnal,Aquatic perch,Aquatic predator,FALSE,3,0,0,0,0,0,0,0,0,0.39005825538389033,-1.59773235772859,0.07351312726692363,0.15607374251441464
68 || Aquatic predator || Aquatic surface || Diurnal,Aquatic surface,Aquatic predator,FALSE,2,0,0,0,0,0,0,0,0,7.801944674334459,-1.905202991375605,0.890546895124319,-0.13277638922547805
44 || Aquatic predator || Aquatic ground || Diurnal,Aquatic ground,Aquatic predator,FALSE,4,0,0,0,0,0,0,0,0,7.530064797217102,-1.410851567635965,0.30635090973882223,-0.250865233246148
4 || Aquatic predator || Aquatic aerial || Diurnal,Aquatic aerial,Aquatic predator,FALSE,1,0,0,0,0,0,0,0,0,2.2225184026969,0.823186689748607,-0.43381585176358,-0.716088188845737
22 || Aquatic predator || Aquatic ground || Diurnal,Aquatic ground,Aquatic predator,FALSE,1,0,0,0,0,0,0,0,0,4.20355982254884,-0.810696707818007,0.689161824959141,-0.400343117923063
38 || Aquatic predator || Aquatic surface || Diurnal,Aquatic surface,Aquatic predator,FALSE,1,0,0,0,0,0,0,0,0,1.29507747061205,0.821355108954558,1.27095275571063,0.752974980265195
2 || Aquatic predator || Aquatic perch || Nocturnal,Aquatic perch,Aquatic predator,TRUE,4,0,0,0,0,0,0,0,0,4.660071477553627,0.346486711832804,-0.189296443429403,0.11154314811962095
75 || Aquatic predator || Aquatic dive || Diurnal,Aquatic dive,Aquatic predator,FALSE,1,0,0,0,0,0,0,0,1,3.74744341260119,0.178438176691607,1.56410587135142,0.378848354142735
49 || Aquatic predator || Aquatic dive || Diurnal,Aquatic dive,Aquatic predator,FALSE,2,0,0,0,0,0,0,0,0.5,4.249850356355076,0.15714287685674,1.623683565701515,0.4423976508431855
2 || Aquatic predator || Aquatic surface || Diurnal,Aquatic surface,Aquatic predator,FALSE,2,0,0,0,0,0,0,0,0.5,4.10554437828713,0.37684390812556645,0.56772756588591,0.07262780461753998
48 || Aquatic predator || Aquatic ground || Diurnal,Aquatic ground,Aquatic predator,FALSE,3,0,0,0,0,0,0,0,0,5.9277145006899,-0.530951250349213,0.5992131471043337,0.23206864059575233
81 || Aquatic predator || Aquatic ground || Diurnal,Aquatic ground,Aquatic predator,FALSE,1,0,0,0,0,0,0,0,0,2.18874431971467,-0.197627123759321,0.566230933096284,-1.12622580893393
1 || Aquatic predator || Aquatic plunge || Diurnal,Aquatic plunge,Aquatic predator,FALSE,8,0.125,0.375,0,0.125,0,0.125,0.125,0.25,1.4207225714297065,-0.44672571195682975,0.189493491239621,-0.6675231894377669
37 || Aquatic predator || Aquatic ground || Diurnal,Aquatic ground,Aquatic predator,FALSE,4,0.25,0.25,0,0.25,0,0.25,0.25,0.25,6.707505475188983,-0.9524530564476188,0.6473669088629525,-0.5982391800677724
2 || Aquatic predator || Aquatic dive || Diurnal,Aquatic dive,Aquatic predator,FALSE,4,0.25,0.25,0,0.5,0,0.25,0.25,0.5,3.25847768812674,0.321468926137847,0.32964127110938674,0.2623771009020317
9 || Aquatic predator || Aquatic dive || Diurnal,Aquatic dive,Aquatic predator,FALSE,4,0.25,0.75,0.5,0.5,0.5,0.5,0,0.75,2.4200806798274526,0.2421987163024149,0.565459571482236,0.5181183864831925
59 || Aquatic predator || Aquatic dive || Diurnal,Aquatic dive,Aquatic predator,FALSE,2,0,0.5,0,0.5,0,0.5,0,0.5,5.4314197272102955,-0.13250371882570766,1.612823786762325,0.456158385412617
21 || Aquatic predator || Aquatic dive || Diurnal,Aquatic dive,Aquatic predator,FALSE,4,0.25,0.75,0.25,0.5,0.25,0.5,0.25,0.5,4.477489267069645,-0.45692084545621003,0.44373920673212325,-0.8210700019409697
20 || Aquatic predator || Aquatic surface || Diurnal,Aquatic surface,Aquatic predator,FALSE,4,0.25,0.75,0,0.5,0,0.5,0.25,0.75,7.159541609475338,-2.0216093965492377,0.8267815702127106,-0.19364416368245
6 || Aquatic predator || Aquatic surface || Diurnal,Aquatic surface,Aquatic predator,FALSE,8,0.375,0.75,0.25,0.75,0.25,0.75,0.375,0.75,3.061835600039186,-0.48041962870014826,0.4194057032529781,0.5552651240721204
9 || Aquatic predator || Aquatic ground || Diurnal,Aquatic ground,Aquatic predator,FALSE,1,0,1,0,1,0,1,0,1,2.56996834233017,0.0891423418306126,0.902646168361699,-0.0281284996769162
15 || Aquatic predator || Aquatic perch || Diurnal,Aquatic perch,Aquatic predator,FALSE,2,0,1,0,1,0.5,1,0,1,1.7139381923356551,-1.53108530182568,0.16150620306845898,0.0433398760215566
32 || Aquatic predator || Aquatic dive || Diurnal,Aquatic dive,Aquatic predator,FALSE,1,0,1,1,1,1,1,0,1,4.13918557006175,0.00764744716255161,0.608141876518371,0.919179875852343
56 || Aquatic predator || Aquatic perch || Diurnal,Aquatic perch,Aquatic predator,FALSE,1,0,1,0,1,0,1,0,1,1.19010756617325,-1.62790440306789,0.219304775432622,-0.160530972795156
20 || Aquatic predator || Aquatic plunge || Diurnal,Aquatic plunge,Aquatic predator,FALSE,2,0,0.5,0.5,1,0,0.5,0.5,1,6.686127022556835,-2.1876441750597397,0.736552867104581,-0.1554528228477586
14 || Aquatic predator || Aquatic perch || Diurnal,Aquatic perch,Aquatic predator,FALSE,7,0.429,0.714,0.429,0.571,0.429,0.571,0.429,0.714,-1.160347187177803,-1.5237006319714785,0.5789578432891206,0.404822973617032
18 || Aquatic predator || Aquatic perch || Diurnal,Aquatic perch,Aquatic predator,FALSE,3,0,0.333,0,0.333,0,0.333,0,0.333,2.82896626857285,-1.54868315654523,0.06620824273841887,0.019090634522297097
21 || Aquatic predator || Aquatic ground || Diurnal,Aquatic ground,Aquatic predator,FALSE,15,0.133,0.333,0.067,0.333,0.133,0.267,0.067,0.4,4.124041030490119,-1.0018500119523341,0.8018083497600523,-0.4250769606020977
38 || Aquatic predator || Aquatic dive || Diurnal,Aquatic dive,Aquatic predator,FALSE,5,0.4,0.6,0.2,0.6,0.2,0.8,0.4,0.6,0.7790639175176322,0.48443637183837684,1.2340804516550659,0.7459770188759796
26 || Aquatic predator || Aquatic ground || Diurnal,Aquatic ground,Aquatic predator,FALSE,21,0.048,0.381,0.095,0.19,0.095,0.286,0.095,0.238,1.752065756162063,-0.28250678331369194,1.1964237707986631,-0.46001845513106804
11 || Aquatic predator || Aquatic ground || Diurnal,Aquatic ground,Aquatic predator,FALSE,21,0.048,0.19,0,0.19,0,0.143,0.048,0.19,1.3844634923298362,-1.0403003104201902,1.1052208304184161,-0.2610590504011126
35 || Aquatic predator || Aquatic perch || Diurnal,Aquatic perch,Aquatic predator,FALSE,5,0.2,0.4,0.2,0.4,0.4,0.4,0.2,0.4,-0.11858118227880801,-1.617145459593,0.587496734703465,0.3115486277433264
7 || Aquatic predator || Aquatic ground || Diurnal,Aquatic ground,Aquatic predator,FALSE,20,0.25,0.55,0.1,0.4,0.2,0.5,0.15,0.55,5.342257052169883,-1.1233383227247407,0.7183340682974099,-0.40466375266640237
2 || Aquatic predator || Generalist || Diurnal,Generalist,Aquatic predator,FALSE,5,0,0.4,0,0.4,0,0.2,0,0.4,3.47821339884674,0.446822988102821,0.2552392877927788,-0.36028142498509674
10 || Aquatic predator || Aquatic dive || Diurnal,Aquatic dive,Aquatic predator,FALSE,10,0.3,0.7,0.3,0.8,0.3,0.7,0.2,0.8,3.9635483637399336,-0.07232209542275798,0.7532517221560034,-0.10660093920786806
1 || Aquatic predator || Generalist || Diurnal,Generalist,Aquatic predator,FALSE,11,0.091,0.182,0,0.182,0,0.182,0.091,0.182,0.889040543139237,0.40386089456946034,0.4152890794069574,-0.27948853388450556
1 || Aquatic predator || Aquatic ground || Diurnal,Aquatic ground,Aquatic predator,FALSE,135,0.081,0.17,0.074,0.17,0.067,0.156,0.074,0.178,0.04651703054725729,0.14760052258405612,0.6722137152711231,-0.2171800323638961
10 || Aquatic predator || Aquatic ground || Diurnal,Aquatic ground,Aquatic predator,FALSE,49,0.122,0.347,0.082,0.286,0.143,0.327,0.082,0.306,3.07471462480081,-0.7364362546609182,0.8550557766027472,-0.39764773794135216
1 || Aquatic predator || Aquatic dive || Diurnal,Aquatic dive,Aquatic predator,FALSE,6,0.167,0.5,0.167,0.667,0.333,0.5,0,0.667,2.1366693290450884,0.37355855434132,0.8081035410572281,0.35516248034364484
55 || Aquatic predator || Aquatic dive || Diurnal,Aquatic dive,Aquatic predator,FALSE,3,0,0.667,0,0.667,0.333,0.667,0,0.667,3.6266035320082035,-0.34591718960912,1.9047624028819767,0.4523759809676503
36 || Aquatic predator || Aquatic ground || Diurnal,Aquatic ground,Aquatic predator,FALSE,3,0,0.667,0,0.667,0,0.667,0.333,0.667,6.505466263709427,-1.5926581324087035,0.513768797711339,-0.17025146518123435
6 || Aquatic predator || Aquatic dive || Diurnal,Aquatic dive,Aquatic predator,FALSE,14,0.071,0.5,0.071,0.643,0.071,0.429,0.071,0.643,3.4424902299727296,-0.0602044629070526,0.51932444492905006,0.8580115194732605
48 || Herbivore aquatic || Herbivore aquatic ground || Diurnal,Herbivore aquatic ground,Herbivore aquatic,FALSE,1,0,0,0,0,0,0,0,0,5.15497929194555,-0.806685138076082,0.535183426566976,0.502406672261632
1 || Herbivore aquatic || Herbivore aquatic ground || Diurnal,Herbivore aquatic ground,Herbivore aquatic,FALSE,2,0,0.5,0,0,0,0,0,0,1.58296909645872,0.33923138699250255,0.390551505930369,0.1696666771572685
2 || Herbivore aquatic || Generalist || Diurnal,Generalist,Herbivore aquatic,FALSE,2,0,0,0,0,0,0,0,0,4.71282567498441,0.172322326818541,0.477374735590304,0.62906293125739
6 || Herbivore aquatic || Generalist || Diurnal,Generalist,Herbivore aquatic,FALSE,4,0,0.75,0,0,0,0,0,0,3.271821429763595,-0.24680499531196026,0.5676384013643669,0.7609770185324405
24 || Herbivore aquatic || Herbivore aquatic surface || Diurnal,Herbivore aquatic surface,Herbivore aquatic,FALSE,1,0,0,0,0,0,0,0,0,6.15796803651816,0.239827730646455,0.499183720468402,0.241518008324703
9 || Herbivore aquatic || Herbivore aquatic surface || Diurnal,Herbivore aquatic surface,Herbivore aquatic,FALSE,3,0,0,0,0,0,0,0,0,1.9240699221698734,0.0476444327197564,0.3095149658058453,0.7562454282999197
2 || Herbivore aquatic || Herbivore aquatic surface || Diurnal,Herbivore aquatic surface,Herbivore aquatic,FALSE,2,0,0.5,0,0,0,0,0,0.5,5.643714148254205,0.2967672619344315,0.6983359756895946,0.4666365327228195
6 || Herbivore aquatic || Herbivore aquatic ground || Diurnal,Herbivore aquatic ground,Herbivore aquatic,FALSE,6,0.333,0.833,0,0,0.333,0.667,0,0,3.53169403948638,0.120645241743707,0.541476051967281,0.387605502829941
1 || Herbivore aquatic || Generalist || Diurnal,Generalist,Herbivore aquatic,FALSE,4,0,0.75,0.25,0.75,0.25,0.75,0,0.5,2.825486570265995,0.7619160668864222,1.0275760478912628,0.445581091920948
1 || Herbivore aquatic || Herbivore aquatic dive || Diurnal,Herbivore aquatic dive,Herbivore aquatic,FALSE,1,0,1,0,1,0,1,0,1,3.09720419024223,0.86420862453225,0.998991089499865,0.694240651632372
2 || Herbivore aquatic || Herbivore aquatic ground || Diurnal,Herbivore aquatic ground,Herbivore aquatic,FALSE,3,0.333,0.333,0,0.333,0,0.333,0.333,0.333,5.21260884218174,1.1769937721397867,0.14579187720862113,-0.1968539834490015
6 || Herbivore aquatic || Herbivore aquatic dive || Diurnal,Herbivore aquatic dive,Herbivore aquatic,FALSE,11,0.182,0.364,0.091,0.273,0.091,0.364,0.182,0.364,2.995469661593772,-0.2629017773098804,0.643669781677642,0.8831656311500733
6 || Herbivore aquatic || Herbivore aquatic surface || Diurnal,Herbivore aquatic surface,Herbivore aquatic,FALSE,35,0.143,0.457,0.143,0.486,0.171,0.457,0.171,0.457,3.127249194370208,-0.3904718996747736,0.44578846616375956,0.5388114791081589
1 || Herbivore aquatic || Herbivore aquatic surface || Diurnal,Herbivore aquatic surface,Herbivore aquatic,FALSE,3,0.667,1,0.667,0.667,0.333,0.667,0.667,1,2.0414842259019568,0.73678606790344,0.9182784458975587,0.40750890254041366
34 || Herbivore aquatic || Herbivore aquatic surface || Diurnal,Herbivore aquatic surface,Herbivore aquatic,FALSE,3,0,0.667,0.333,0.667,0.333,0.667,0.333,0.667,6.73488182527833,0.2286395350904043,0.5201491950761027,0.27542786270884334
2 || Herbivore terrestrial || Generalist || Diurnal,Generalist,Herbivore terrestrial,FALSE,4,0,0,0,0,0,0,0,0,3.917680969954345,0.9484491193308805,0.03552717181159584,0.09861709904854721
1 || Herbivore terrestrial || Herbivore ground || Diurnal,Herbivore ground,Herbivore terrestrial,FALSE,4,0,0,0,0,0,0,0,0,0.8383074941450915,0.7995878773120986,0.19158155185601988,0.417736267423105
4 || Herbivore terrestrial || Herbivore ground || Diurnal,Herbivore ground,Herbivore terrestrial,FALSE,2,0,0,0,0,0,0,0,0,2.804768201716495,0.83296547647138,-0.2798133822978735,-0.22053438308565798
62 || Herbivore terrestrial || Herbivore ground || Diurnal,Herbivore ground,Herbivore terrestrial,FALSE,1,0,0,0,0,0,0,0,0,5.35429676814317,0.778239131865585,0.125444962846168,0.457459856819588
2 || Herbivore terrestrial || Herbivore arboreal || Diurnal,Herbivore arboreal,Herbivore terrestrial,FALSE,1,0,0,0,0,0,0,0,0,3.52032746690764,0.856920565706961,-0.610910302901029,-0.385997053720152
6 || Herbivore terrestrial || Herbivore ground || Diurnal,Herbivore ground,Herbivore terrestrial,FALSE,2,0,0.5,0,0.5,0,1,0,0,3.481373174054955,-0.1468973736020484,0.493762274829683,0.6260017714533825
1 || Herbivore terrestrial || Herbivore arboreal || Diurnal,Herbivore arboreal,Herbivore terrestrial,FALSE,3,1,1,0.333,0.333,0.667,1,0.667,0.667,0.03721063750514933,-0.0027721269424018924,-0.5348364765551726,0.337833981717587
2 || Herbivore terrestrial || Herbivore ground || Diurnal,Herbivore ground,Herbivore terrestrial,FALSE,26,0.115,0.231,0.154,0.269,0.115,0.231,0.192,0.308,4.273441828135279,0.6039589082176627,0.3243503808331278,0.39328938056423735
9 || Herbivore terrestrial || Herbivore ground || Diurnal,Herbivore ground,Herbivore terrestrial,FALSE,15,0,0,0,0.067,0,0,0.067,0.067,2.38013357148738,0.6651464604022784,0.3524572336114295,0.44055770613117406
